id;date_depart;date_retour;nbre_jours;client;prix
1;2021-02-22T21:55:19;2021-02-23T07:47:04;75709;navigate Wisconsin;45586
2;2021-02-22T19:18:37;2021-02-23T07:34:47;25725;Terrace website intangible;45760
3;2021-02-22T13:17:44;2021-02-23T02:41:37;83240;reboot invoice Security;47926
4;2021-02-22T13:14:49;2021-02-22T20:30:01;49891;interfaces override Automated;35868
5;2021-02-22T21:03:23;2021-02-23T05:11:16;81824;User-friendly Pa'anga;41148
6;2021-02-22T13:02:59;2021-02-22T17:23:12;81229;green;60535
7;2021-02-22T22:57:18;2021-02-22T18:38:30;68004;value-added;86659
8;2021-02-23T10:53:57;2021-02-23T07:55:36;11340;Ways Auto Loan Account;80604
9;2021-02-22T17:10:58;2021-02-22T13:00:52;99124;Identity synergies;86168
10;2021-02-22T15:24:17;2021-02-23T02:09:18;64590;THX transmitting;61000
